class,year,month,day
3.0340000000000003,1750,1,1
3.083,1750,2,1
5.626,1750,3,1
8.49,1750,4,1
11.573,1750,5,1
12.937,1750,6,1
15.868,1750,7,1
14.75,1750,8,1
11.412999999999998,1750,9,1
6.366999999999999,1750,10,1
2.772,1750,12,1
2.495,1751,1,1
0.963,1751,2,1
5.8,1751,3,1
7.67,1751,4,1
13.827,1751,6,1
14.405,1751,8,1
10.673,1751,9,1
0.3480000000000003,1752,1,1
5.806,1752,3,1
8.264999999999999,1752,4,1
7.838999999999999,1752,10,1
7.335,1752,11,1
5.086,1752,12,1
2.039,1753,1,1
0.7149999999999999,1753,2,1
5.424,1753,3,1
8.272,1753,4,1
12.186,1753,5,1
14.585,1753,6,1
15.092,1753,7,1
14.148,1753,8,1
13.322,1753,9,1
8.962,1753,10,1
5.353,1753,11,1
0.5589999999999997,1753,12,1
1.574,1754,1,1
-1.2489999999999997,1754,2,1
3.677,1754,3,1
11.61,1754,4,1
11.936,1754,5,1
14.388,1754,6,1
14.681,1754,7,1
13.556,1754,8,1
11.129,1754,9,1
9.582,1754,10,1
6.1610000000000005,1754,11,1
4.587,1754,12,1
1.067,1755,1,1
-0.1080000000000001,1755,2,1
3.607,1755,3,1
9.263,1755,4,1
12.880999999999998,1755,5,1
15.38,1755,6,1
14.397,1755,7,1
13.515,1755,8,1
11.773,1755,9,1
9.97,1755,10,1
5.957999999999998,1755,11,1
2.564,1755,12,1
3.887,1756,1,1
5.666,1756,2,1
4.192,1756,3,1
10.042,1756,4,1
14.163999999999998,1756,5,1
14.547,1756,6,1
13.906,1756,7,1
13.437,1756,8,1
12.652,1756,9,1
7.3119999999999985,1756,10,1
4.225,1756,11,1
2.165,1756,12,1
-0.27600000000000025,1757,1,1
3.7039999999999997,1757,2,1
4.529,1757,3,1
8.245999999999999,1757,4,1
13.039,1757,5,1
17.115,1757,6,1
17.61,1757,7,1
17.91,1757,8,1
14.852,1757,9,1
6.4819999999999975,1757,10,1
4.032,1757,11,1
1.0210000000000004,1757,12,1
-1.5029999999999997,1758,1,1
0.8059999999999999,1758,2,1
3.765,1758,3,1
7.209999999999999,1758,4,1
9.715,1758,5,1
13.139,1758,6,1
13.847,1758,7,1
11.818,1758,8,1
10.027999999999999,1758,9,1
1.8939999999999992,1758,10,1
6.955,1758,11,1
3.2489999999999997,1758,12,1
5.0139999999999985,1759,1,1
4.082,1759,2,1
4.52,1759,3,1
5.983,1759,4,1
10.189,1759,5,1
13.512,1759,6,1
12.526,1759,7,1
14.587,1759,8,1
12.626,1759,9,1
8.267000000000001,1759,10,1
4.268000000000002,1759,11,1
0.2469999999999999,1759,12,1
-0.8109999999999999,1760,1,1
2.436,1760,2,1
1.864,1760,3,1
7.435999999999999,1760,4,1
10.661,1760,5,1
11.945,1760,6,1
12.887,1760,7,1
13.917,1760,8,1
11.197,1760,9,1
6.7010000000000005,1760,10,1
5.436,1760,11,1
2.553,1760,12,1
0.6000000000000001,1761,1,1
2.735,1761,2,1
5.976,1761,3,1
7.3210000000000015,1761,4,1
13.450999999999999,1761,5,1
16.820999999999998,1761,6,1
19.021,1761,7,1
15.331,1761,8,1
12.534999999999998,1761,9,1
7.2269999999999985,1761,10,1
5.089,1761,11,1
-0.8370000000000002,1761,12,1
6.8660000000000005,1762,1,1
4.801,1762,2,1
3.5280000000000005,1762,3,1
9.019,1762,4,1
10.880999999999998,1762,5,1
13.499,1762,6,1
14.72,1762,7,1
13.992,1762,8,1
10.325999999999999,1762,9,1
6.1560000000000015,1762,10,1
6.367000000000001,1762,11,1
3.123,1762,12,1
1.3690000000000002,1763,1,1
0.7709999999999999,1763,2,1
1.5760000000000003,1763,3,1
7.870999999999999,1763,4,1
10.700999999999999,1763,5,1
12.270999999999999,1763,6,1
16.391,1763,7,1
14.126,1763,8,1
11.378,1763,9,1
5.535,1763,10,1
4.588,1763,11,1
3.384,1763,12,1
1.741,1764,1,1
6.162000000000001,1764,2,1
5.521,1764,3,1
7.879999999999999,1764,4,1
11.175,1764,5,1
11.722999999999999,1764,6,1
12.507,1764,7,1
12.282,1764,8,1
10.696,1764,9,1
10.011,1764,10,1
5.791,1764,11,1
5.315,1764,12,1
3.78,1765,1,1
3.832,1765,2,1
6.859,1765,3,1
9.013,1765,4,1
10.734000000000002,1765,5,1
10.832999999999998,1765,6,1
13.953,1765,7,1
13.12,1765,8,1
10.993,1765,9,1
7.904,1765,10,1
5.603,1765,11,1
2.399,1765,12,1
-0.7930000000000001,1766,1,1
4.896,1766,2,1
6.062,1766,3,1
8.007,1766,4,1
11.228,1766,5,1
13.652999999999999,1766,6,1
13.555,1766,7,1
13.758,1766,8,1
12.25,1766,9,1
8.465,1766,10,1
7.4540000000000015,1766,11,1
2.333,1766,12,1
-0.6430000000000002,1767,1,1
3.932,1767,2,1
7.022,1767,3,1
6.278,1767,4,1
10.193,1767,5,1
14.112,1767,6,1
13.361,1767,7,1
14.597,1767,8,1
11.675,1767,9,1
9.027,1767,10,1
7.915,1767,11,1
1.189,1767,12,1
-2.08,1768,1,1
0.5060000000000002,1768,2,1
2.446,1768,3,1
6.92,1768,4,1
9.066,1768,5,1
12.489999999999998,1768,6,1
13.875,1768,7,1
12.352,1768,8,1
10.824000000000002,1768,9,1
7.728999999999999,1768,10,1
4.581,1768,11,1
2.667,1768,12,1
2.305,1769,1,1
2.164,1769,2,1
4.57,1769,3,1
8.966999999999997,1769,4,1
12.873,1769,5,1
15.142,1769,6,1
14.461,1769,7,1
13.494000000000002,1769,8,1
11.25,1769,9,1
5.296999999999999,1769,10,1
2.79,1769,11,1
-0.9780000000000002,1769,12,1
1.974,1770,1,1
4.105,1770,2,1
1.612,1770,3,1
9.788,1770,4,1
9.996,1770,5,1
11.884,1770,6,1
11.621,1770,7,1
11.413,1770,8,1
10.724,1770,9,1
8.661,1770,10,1
5.791,1770,11,1
4.734,1770,12,1
5.101,1771,1,1
-0.274,1771,2,1
2.814,1771,3,1
5.716999999999999,1771,4,1
9.626,1771,5,1
14.104,1771,6,1
13.828,1771,7,1
14.204,1771,8,1
11.363,1771,9,1
10.317,1771,10,1
4.916,1771,11,1
2.522,1771,12,1
1.253,1772,1,1
1.4780000000000002,1772,2,1
3.057,1772,3,1
8.857999999999997,1772,4,1
9.531,1772,5,1
12.646999999999998,1772,6,1
14.581,1772,7,1
14.098,1772,8,1
10.302999999999999,1772,9,1
9.267999999999999,1772,10,1
7.7360000000000015,1772,11,1
5.5120000000000005,1772,12,1
-0.43699999999999983,1773,1,1
1.4209999999999998,1773,2,1
4.4220000000000015,1773,3,1
9.415,1773,4,1
12.764,1773,5,1
12.811,1773,6,1
14.484000000000002,1773,7,1
13.624,1773,8,1
12.488,1773,9,1
9.206,1773,10,1
3.3689999999999998,1773,11,1
5.090999999999998,1773,12,1
-0.3249999999999997,1774,1,1
4.914,1774,2,1
5.643,1774,3,1
10.152999999999999,1774,4,1
16.025,1774,5,1
15.370999999999999,1774,6,1
16.521,1774,7,1
14.099,1774,8,1
10.936,1774,9,1
8.59,1774,10,1
3.029,1774,11,1
0.31000000000000005,1774,12,1
4.261,1775,1,1
6.4270000000000005,1775,2,1
7.758999999999999,1775,3,1
7.951999999999999,1775,4,1
11.399,1775,5,1
12.314,1775,6,1
14.719,1775,7,1
14.435,1775,8,1
11.095999999999998,1775,9,1
10.372,1775,10,1
8.179,1775,11,1
1.2839999999999998,1775,12,1
-0.8059999999999999,1776,1,1
4.825,1776,2,1
4.652,1776,3,1
7.439999999999999,1776,4,1
10.475,1776,5,1
14.564,1776,6,1
14.108,1776,7,1
14.837,1776,8,1
10.602,1776,9,1
8.059999999999999,1776,10,1
5.87,1776,11,1
5.021,1776,12,1
6.021000000000001,1777,1,1
4.9190000000000005,1777,2,1
5.572,1777,3,1
6.361999999999999,1777,4,1
11.389,1777,5,1
12.323,1777,6,1
12.743,1777,7,1
12.815,1777,8,1
11.379,1777,9,1
6.956,1777,10,1
5.529,1777,11,1
3.067,1777,12,1
2.521,1778,1,1
6.093999999999999,1778,2,1
4.604,1778,3,1
10.983999999999998,1778,4,1
11.286,1778,5,1
11.731,1778,6,1
15.037,1778,7,1
12.869000000000002,1778,8,1
13.377,1778,9,1
8.049,1778,10,1
3.854,1778,11,1
2.101,1778,12,1
1.4700000000000002,1779,1,1
5.14,1779,2,1
6.9670000000000005,1779,3,1
9.965,1779,4,1
14.18,1779,5,1
12.547,1779,6,1
13.659,1779,7,1
13.799,1779,8,1
12.683,1779,9,1
9.35,1779,10,1
5.7700000000000005,1779,11,1
2.269,1779,12,1
2.515,1780,1,1
4.08,1780,2,1
5.724,1780,3,1
13.732,1780,4,1
15.756999999999998,1780,5,1
14.747,1780,6,1
16.183,1780,7,1
12.947,1780,8,1
8.844,1780,9,1
9.376,1780,10,1
6.706,1780,11,1
2.584,1780,12,1
2.401,1781,1,1
2.267,1781,2,1
4.772,1781,3,1
6.922999999999999,1781,4,1
11.102,1781,5,1
11.677999999999999,1781,6,1
14.285,1781,7,1
14.140999999999998,1781,8,1
10.303999999999998,1781,9,1
8.546999999999999,1781,10,1
7.523,1781,11,1
3.2880000000000003,1781,12,1
0.3410000000000002,1782,1,1
0.6389999999999998,1782,2,1
2.565,1782,3,1
8.617999999999999,1782,4,1
10.989999999999998,1782,5,1
13.800999999999998,1782,6,1
13.925,1782,7,1
15.683,1782,8,1
12.398,1782,9,1
8.978,1782,10,1
4.956,1782,11,1
1.921,1782,12,1
-1.4310000000000005,1783,1,1
5.2940000000000005,1783,2,1
4.799,1783,3,1
8.574,1783,4,1
11.819,1783,5,1
14.34,1783,6,1
13.069,1783,7,1
13.970999999999998,1783,8,1
9.957999999999998,1783,9,1
7.3569999999999975,1783,10,1
2.196,1783,11,1
2.224,1783,12,1
2.596,1784,1,1
0.9890000000000001,1784,2,1
3.919,1784,3,1
8.142000000000001,1784,4,1
10.013,1784,5,1
12.802999999999999,1784,6,1
14.947000000000001,1784,7,1
15.861,1784,8,1
10.265999999999998,1784,9,1
6.835999999999999,1784,10,1
4.557,1784,11,1
3.415,1784,12,1
0.865,1785,1,1
1.045,1785,2,1
2.289,1785,3,1
6.379,1785,4,1
9.853,1785,5,1
13.744000000000002,1785,6,1
14.468,1785,7,1
14.466,1785,8,1
10.497,1785,9,1
7.350999999999999,1785,10,1
5.526,1785,11,1
1.873,1785,12,1
0.7630000000000001,1786,1,1
2.657,1786,2,1
5.648,1786,3,1
9.318,1786,4,1
11.582999999999998,1786,5,1
13.035,1786,6,1
15.294,1786,7,1
14.455,1786,8,1
12.158,1786,9,1
7.7120000000000015,1786,10,1
5.7410000000000005,1786,11,1
0.7339999999999995,1786,12,1
2.845,1787,1,1
2.563,1787,2,1
4.698,1787,3,1
7.7719999999999985,1787,4,1
11.402999999999999,1787,5,1
14.369000000000002,1787,6,1
13.451,1787,7,1
13.555,1787,8,1
10.357,1787,9,1
7.7719999999999985,1787,10,1
5.801,1787,11,1
1.7959999999999998,1787,12,1
0.7350000000000001,1788,1,1
3.5810000000000004,1788,2,1
5.336,1788,3,1
8.713999999999999,1788,4,1
10.427999999999999,1788,5,1
13.808,1788,6,1
16.468,1788,7,1
13.885,1788,8,1
11.699000000000002,1788,9,1
9.349,1788,10,1
6.1110000000000015,1788,11,1
1.2519999999999998,1788,12,1
3.706,1789,1,1
1.675,1789,2,1
3.989,1789,3,1
7.693999999999999,1789,4,1
11.665999999999999,1789,5,1
13.507,1789,6,1
15.462,1789,7,1
13.84,1789,8,1
12.017999999999999,1789,9,1
7.39,1789,10,1
5.964,1789,11,1
3.0989999999999998,1789,12,1
2.444,1790,1,1
2.9730000000000003,1790,2,1
4.582,1790,3,1
6.052999999999999,1790,4,1
10.357,1790,5,1
13.745999999999999,1790,6,1
13.812,1790,7,1
13.925,1790,8,1
11.232999999999999,1790,9,1
8.577,1790,10,1
5.331,1790,11,1
2.755,1790,12,1
1.493,1791,1,1
3.466,1791,2,1
4.79,1791,3,1
9.127,1791,4,1
9.859,1791,5,1
13.231,1791,6,1
13.612,1791,7,1
13.744000000000002,1791,8,1
11.677,1791,9,1
8.08,1791,10,1
6.206,1791,11,1
3.526,1791,12,1
0.3480000000000003,1792,1,1
3.62,1792,2,1
4.4289999999999985,1792,3,1
7.994,1792,4,1
11.321,1792,5,1
13.581,1792,6,1
14.212,1792,7,1
12.281,1792,8,1
12.491,1792,9,1
8.097000000000001,1792,10,1
5.306,1792,11,1
3.388,1792,12,1
0.5209999999999999,1793,1,1
4.745,1793,2,1
5.042,1793,3,1
8.642999999999999,1793,4,1
11.059,1793,5,1
13.145999999999999,1793,6,1
14.336,1793,7,1
13.16,1793,8,1
12.002,1793,9,1
8.392999999999999,1793,10,1
5.666,1793,11,1
2.037,1793,12,1
3.71,1794,1,1
3.605,1794,2,1
5.6960000000000015,1794,3,1
9.367,1794,4,1
12.376,1794,5,1
11.994000000000002,1794,6,1
12.874,1794,7,1
13.484000000000002,1794,8,1
11.895999999999999,1794,9,1
9.107999999999999,1794,10,1
5.284,1794,11,1
2.918,1794,12,1
2.7310000000000003,1795,1,1
4.39,1795,2,1
5.709,1795,3,1
8.918,1795,4,1
11.029000000000002,1795,5,1
13.293,1795,6,1
14.295,1795,7,1
13.14,1795,8,1
11.133,1795,9,1
7.786,1795,10,1
5.207000000000002,1795,11,1
2.573,1795,12,1
2.8440000000000003,1796,1,1
2.736,1796,2,1
3.477,1796,3,1
7.773,1796,4,1
11.273,1796,5,1
14.216,1796,6,1
14.314,1796,7,1
14.722,1796,8,1
12.012,1796,9,1
8.924,1796,10,1
5.702000000000001,1796,11,1
1.259,1796,12,1
4.396,1797,1,1
4.957,1797,2,1
4.056,1797,3,1
6.6,1797,4,1
10.417,1797,5,1
13.852,1797,6,1
14.107,1797,7,1
14.04,1797,8,1
12.459,1797,9,1
9.191,1797,10,1
4.777,1797,11,1
3.275,1797,12,1
2.6790000000000003,1798,1,1
3.213,1798,2,1
7.007999999999999,1798,3,1
8.083,1798,4,1
11.768999999999998,1798,5,1
13.245999999999999,1798,6,1
14.951,1798,7,1
14.754,1798,8,1
11.627,1798,9,1
8.655,1798,10,1
6.0310000000000015,1798,11,1
2.0269999999999997,1798,12,1
1.923,1799,1,1
2.0780000000000003,1799,2,1
3.986,1799,3,1
8.786,1799,4,1
11.353,1799,5,1
13.68,1799,6,1
14.869000000000002,1799,7,1
14.086,1799,8,1
12.311,1799,9,1
9.606,1799,10,1
5.904,1799,11,1
3.487,1799,12,1
2.815,1800,1,1
3.634,1800,2,1
4.452,1800,3,1
9.125,1800,4,1
11.097,1800,5,1
13.606,1800,6,1
13.763,1800,7,1
13.619000000000002,1800,8,1
10.795,1800,9,1
9.469,1800,10,1
5.572,1800,11,1
3.864,1800,12,1
2.6870000000000003,1801,1,1
3.149,1801,2,1
6.455,1801,3,1
7.404,1801,4,1
12.123,1801,5,1
12.536,1801,6,1
14.675999999999998,1801,7,1
13.187,1801,8,1
11.462,1801,9,1
9.099,1801,10,1
5.72,1801,11,1
4.577999999999999,1801,12,1
3.74,1802,1,1
2.8280000000000003,1802,2,1
5.2010000000000005,1802,3,1
7.6229999999999976,1802,4,1
10.457,1802,5,1
14.470999999999998,1802,6,1
14.628,1802,7,1
14.039,1802,8,1
11.787999999999998,1802,9,1
9.747,1802,10,1
5.535,1802,11,1
2.881,1802,12,1
0.6019999999999999,1803,1,1
1.443,1803,2,1
4.875,1803,3,1
9.291,1803,4,1
11.795,1803,5,1
13.821,1803,6,1
15.106,1803,7,1
15.366,1803,8,1
12.33,1803,9,1
9.119,1803,10,1
5.961,1803,11,1
2.327,1803,12,1
2.4450000000000003,1804,1,1
1.939,1804,2,1
4.425,1804,3,1
10.057,1804,4,1
12.107,1804,5,1
13.774,1804,6,1
15.774000000000001,1804,7,1
14.511,1804,8,1
12.468,1804,9,1
9.282,1804,10,1
7.1320000000000014,1804,11,1
2.224,1804,12,1
2.822,1805,1,1
2.557,1805,2,1
5.76,1805,3,1
8.123,1805,4,1
11.104,1805,5,1
14.027,1805,6,1
14.702,1805,7,1
15.27,1805,8,1
12.039,1805,9,1
7.635999999999999,1805,10,1
4.555,1805,11,1
4.158,1805,12,1
2.9170000000000003,1806,1,1
2.937,1806,2,1
4.691,1806,3,1
8.032,1806,4,1
11.503,1806,5,1
12.418,1806,6,1
13.923,1806,7,1
14.593,1806,8,1
12.549,1806,9,1
8.426,1806,10,1
5.231,1806,11,1
3.989,1806,12,1
1.0550000000000002,1807,1,1
4.0939999999999985,1807,2,1
4.788,1807,3,1
6.970999999999999,1807,4,1
9.331,1807,5,1
13.293,1807,6,1
14.138,1807,7,1
13.799,1807,8,1
12.614999999999998,1807,9,1
8.857000000000003,1807,10,1
6.015,1807,11,1
4.420999999999999,1807,12,1
1.131,1808,1,1
2.142,1808,2,1
4.3610000000000015,1808,3,1
7.4819999999999975,1808,4,1
9.357,1808,5,1
13.428999999999998,1808,6,1
14.491,1808,7,1
13.047,1808,8,1
12.710999999999999,1808,9,1
7.971999999999999,1808,10,1
4.5120000000000005,1808,11,1
0.887,1808,12,1
0.20800000000000016,1809,1,1
0.8559999999999999,1809,2,1
3.425,1809,3,1
7.8329999999999975,1809,4,1
9.243,1809,5,1
12.998,1809,6,1
12.656,1809,7,1
12.905,1809,8,1
10.967,1809,9,1
8.65,1809,10,1
3.0989999999999998,1809,11,1
2.077,1809,12,1
0.8880000000000001,1810,1,1
2.391,1810,2,1
5.0139999999999985,1810,3,1
6.5329999999999995,1810,4,1
9.068999999999999,1810,5,1
11.934,1810,6,1
12.550999999999998,1810,7,1
12.041,1810,8,1
9.532,1810,9,1
6.6320000000000014,1810,10,1
3.827,1810,11,1
2.66,1810,12,1
1.374,1811,1,1
0.4500000000000002,1811,2,1
3.701,1811,3,1
6.3020000000000005,1811,4,1
9.443,1811,5,1
12.137,1811,6,1
11.956,1811,7,1
13.326,1811,8,1
10.368,1811,9,1
6.58,1811,10,1
3.503,1811,11,1
3.174,1811,12,1
0.977,1812,1,1
0.13100000000000026,1812,2,1
2.044,1812,3,1
6.9499999999999975,1812,4,1
9.579999999999998,1812,5,1
12.005,1812,6,1
14.355,1812,7,1
15.018,1812,8,1
10.185,1812,9,1
7.593,1812,10,1
4.369,1812,11,1
1.348,1812,12,1
-1.3849999999999998,1813,1,1
2.258,1813,2,1
1.596,1813,3,1
8.181999999999999,1813,4,1
11.367,1813,5,1
13.242,1813,6,1
14.521,1813,7,1
13.097,1813,8,1
12.339,1813,9,1
8.666,1813,10,1
6.825,1813,11,1
2.171,1813,12,1
1.5020000000000002,1814,1,1
1.689,1814,2,1
2.6639999999999997,1814,3,1
7.193,1814,4,1
9.417,1814,5,1
12.818,1814,6,1
12.532,1814,7,1
12.668,1814,8,1
10.675999999999998,1814,9,1
7.374,1814,10,1
6.739,1814,11,1
5.8290000000000015,1814,12,1
2.051,1815,1,1
2.273,1815,2,1
3.6630000000000003,1815,3,1
6.587999999999999,1815,4,1
9.845,1815,5,1
11.162,1815,6,1
14.394,1815,7,1
13.209,1815,8,1
11.151,1815,9,1
7.1370000000000005,1815,10,1
4.178,1815,11,1
1.2209999999999996,1815,12,1
2.737,1816,1,1
0.6759999999999997,1816,2,1
3.905,1816,3,1
7.606,1816,4,1
10.594,1816,5,1
11.79,1816,6,1
12.267,1816,7,1
12.57,1816,8,1
10.39,1816,9,1
5.699,1816,10,1
4.058,1816,11,1
0.9580000000000002,1816,12,1
1.54,1817,1,1
3.649,1817,2,1
4.569,1817,3,1
7.8889999999999985,1817,4,1
9.476,1817,5,1
11.287,1817,6,1
12.072,1817,7,1
13.403,1817,8,1
8.812000000000003,1817,9,1
6.202999999999999,1817,10,1
4.638,1817,11,1
0.16999999999999993,1817,12,1
1.2040000000000002,1818,1,1
0.7549999999999999,1818,2,1
5.565,1818,3,1
9.901,1818,4,1
11.247,1818,5,1
13.825,1818,6,1
13.51,1818,7,1
13.166,1818,8,1
10.578,1818,9,1
6.654,1818,10,1
5.035,1818,11,1
2.5069999999999997,1818,12,1
1.0140000000000002,1819,1,1
2.286,1819,2,1
2.931,1819,3,1
7.029,1819,4,1
9.851,1819,5,1
12.526,1819,6,1
13.038,1819,7,1
12.557,1819,8,1
10.893999999999998,1819,9,1
9.312,1819,10,1
5.15,1819,11,1
1.8419999999999999,1819,12,1
1.236,1820,1,1
2.145,1820,2,1
4.618,1820,3,1
8.7,1820,4,1
11.62,1820,5,1
13.323,1820,6,1
13.311,1820,7,1
11.978,1820,8,1
11.16,1820,9,1
7.587999999999999,1820,10,1
4.4430000000000005,1820,11,1
1.273,1820,12,1
2.999,1821,1,1
3.758,1821,2,1
5.4620000000000015,1821,3,1
7.738999999999999,1821,4,1
11.3,1821,5,1
12.607999999999999,1821,6,1
13.039,1821,7,1
13.145,1821,8,1
10.177999999999999,1821,9,1
8.535,1821,10,1
5.601,1821,11,1
2.717,1821,12,1
2.759,1822,1,1
4.465,1822,2,1
7.787000000000001,1822,3,1
8.277999999999999,1822,4,1
10.485999999999999,1822,5,1
13.067,1822,6,1
14.212,1822,7,1
13.215,1822,8,1
10.695,1822,9,1
7.773999999999999,1822,10,1
4.501,1822,11,1
1.0210000000000004,1822,12,1
1.758,1823,1,1
1.966,1823,2,1
5.0680000000000005,1823,3,1
7.664999999999999,1823,4,1
10.562999999999999,1823,5,1
13.958,1823,6,1
14.197000000000001,1823,7,1
13.13,1823,8,1
10.198,1823,9,1
7.641999999999999,1823,10,1
4.508,1823,11,1
1.9709999999999999,1823,12,1
2.6510000000000002,1824,1,1
2.679,1824,2,1
5.357,1824,3,1
8.375,1824,4,1
11.132,1824,5,1
13.427,1824,6,1
14.83,1824,7,1
13.437,1824,8,1
11.527999999999999,1824,9,1
8.197000000000001,1824,10,1
5.877000000000002,1824,11,1
5.0760000000000005,1824,12,1
3.213,1825,1,1
3.092,1825,2,1
5.365,1825,3,1
8.988,1825,4,1
10.751,1825,5,1
13.765,1825,6,1
14.007,1825,7,1
13.269,1825,8,1
11.148,1825,9,1
7.978999999999999,1825,10,1
6.058,1825,11,1
3.037,1825,12,1
1.893,1826,1,1
1.5330000000000001,1826,2,1
4.888,1826,3,1
8.402999999999999,1826,4,1
11.803999999999998,1826,5,1
13.02,1826,6,1
14.482,1826,7,1
13.109000000000002,1826,8,1
11.177999999999999,1826,9,1
8.459,1826,10,1
6.634,1826,11,1
4.876,1826,12,1
3.593,1827,1,1
4.415,1827,2,1
6.141,1827,3,1
9.428999999999998,1827,4,1
11.807,1827,5,1
13.548,1827,6,1
14.684,1827,7,1
13.694,1827,8,1
10.883,1827,9,1
8.51,1827,10,1
6.279,1827,11,1
2.722,1827,12,1
0.5950000000000002,1828,1,1
1.853,1828,2,1
5.729,1828,3,1
8.737,1828,4,1
11.280999999999999,1828,5,1
14.124,1828,6,1
14.384,1828,7,1
13.635,1828,8,1
10.079999999999998,1828,9,1
8.655999999999999,1828,10,1
5.957000000000002,1828,11,1
2.9530000000000003,1828,12,1
2.032,1829,1,1
1.715,1829,2,1
5.061,1829,3,1
7.814999999999999,1829,4,1
11.335999999999999,1829,5,1
12.86,1829,6,1
14.225,1829,7,1
13.399,1829,8,1
10.597999999999999,1829,9,1
8.806000000000003,1829,10,1
5.003,1829,11,1
2.452,1829,12,1
2.9570000000000003,1830,1,1
4.085,1830,2,1
4.4540000000000015,1830,3,1
8.841000000000003,1830,4,1
10.202,1830,5,1
12.827,1830,6,1
14.942,1830,7,1
13.386,1830,8,1
10.54,1830,9,1
7.9929999999999986,1830,10,1
7.4929999999999986,1830,11,1
4.481,1830,12,1
2.182,1831,1,1
2.479,1831,2,1
4.558,1831,3,1
7.731,1831,4,1
10.994000000000002,1831,5,1
13.203,1831,6,1
13.58,1831,7,1
12.49,1831,8,1
9.946,1831,9,1
7.83,1831,10,1
4.412,1831,11,1
2.265,1831,12,1
1.717,1832,1,1
1.8330000000000002,1832,2,1
4.65,1832,3,1
8.059,1832,4,1
10.489,1832,5,1
12.857,1832,6,1
13.727,1832,7,1
11.966,1832,8,1
10.425999999999998,1832,9,1
8.634,1832,10,1
4.2620000000000005,1832,11,1
0.7819999999999996,1832,12,1
2.006,1833,1,1
2.815,1833,2,1
4.521,1833,3,1
7.869,1833,4,1
10.581,1833,5,1
13.049,1833,6,1
13.803,1833,7,1
13.222,1833,8,1
11.235999999999999,1833,9,1
7.899999999999999,1833,10,1
6.596,1833,11,1
2.5580000000000003,1833,12,1
0.3340000000000001,1834,1,1
2.329,1834,2,1
5.7360000000000015,1834,3,1
8.084999999999999,1834,4,1
11.234000000000002,1834,5,1
12.799,1834,6,1
14.197000000000001,1834,7,1
13.412,1834,8,1
11.571,1834,9,1
8.616999999999999,1834,10,1
6.355,1834,11,1
3.092,1834,12,1
2.551,1835,1,1
2.967,1835,2,1
4.507,1835,3,1
7.768999999999999,1835,4,1
10.171,1835,5,1
12.007,1835,6,1
13.129,1835,7,1
12.322,1835,8,1
9.942,1835,9,1
7.834999999999999,1835,10,1
4.312,1835,11,1
1.198,1835,12,1
1.67,1836,1,1
2.371,1836,2,1
5.448,1836,3,1
7.314999999999999,1836,4,1
10.279000000000002,1836,5,1
12.549,1836,6,1
13.646,1836,7,1
12.83,1836,8,1
10.812,1836,9,1
8.756,1836,10,1
3.814,1836,11,1
2.86,1836,12,1
1.94,1837,1,1
2.6189999999999998,1837,2,1
3.865,1837,3,1
6.555999999999999,1837,4,1
9.972999999999999,1837,5,1
12.099,1837,6,1
13.526,1837,7,1
13.018,1837,8,1
10.805,1837,9,1
7.653,1837,10,1
4.1690000000000005,1837,11,1
2.285,1837,12,1
-0.5569999999999999,1838,1,1
1.5630000000000002,1838,2,1
3.723,1838,3,1
7.382999999999999,1838,4,1
9.985,1838,5,1
12.742,1838,6,1
14.367,1838,7,1
13.568,1838,8,1
11.106,1838,9,1
8.526,1838,10,1
5.16,1838,11,1
2.613,1838,12,1
2.156,1839,1,1
3.482,1839,2,1
2.673,1839,3,1
7.891999999999999,1839,4,1
10.289,1839,5,1
12.548,1839,6,1
14.411,1839,7,1
14.07,1839,8,1
10.853,1839,9,1
8.219,1839,10,1
3.92,1839,11,1
1.0739999999999998,1839,12,1
2.5610000000000004,1840,1,1
2.1020000000000003,1840,2,1
4.04,1840,3,1
7.943,1840,4,1
11.173,1840,5,1
13.411,1840,6,1
14.714,1840,7,1
13.086,1840,8,1
11.01,1840,9,1
7.505,1840,10,1
4.101,1840,11,1
1.909,1840,12,1
0.6490000000000002,1841,1,1
2.468,1841,2,1
3.307,1841,3,1
6.77,1841,4,1
10.764,1841,5,1
13.062,1841,6,1
14.552,1841,7,1
13.708,1841,8,1
10.921,1841,9,1
8.764999999999999,1841,10,1
4.744,1841,11,1
2.548,1841,12,1
1.636,1842,1,1
2.787,1842,2,1
5.75,1842,3,1
8.309999999999999,1842,4,1
10.535,1842,5,1
12.629,1842,6,1
13.584,1842,7,1
13.241,1842,8,1
10.94,1842,9,1
8.307,1842,10,1
4.824,1842,11,1
3.73,1842,12,1
2.974,1843,1,1
3.92,1843,2,1
4.744,1843,3,1
7.829999999999999,1843,4,1
10.04,1843,5,1
12.53,1843,6,1
13.991,1843,7,1
13.295,1843,8,1
11.325999999999999,1843,9,1
8.722000000000001,1843,10,1
4.947,1843,11,1
3.765,1843,12,1
1.868,1844,1,1
2.0380000000000003,1844,2,1
4.734,1844,3,1
7.3889999999999985,1844,4,1
10.109,1844,5,1
12.84,1844,6,1
13.921,1844,7,1
13.046,1844,8,1
10.819,1844,9,1
8.7,1844,10,1
4.401,1844,11,1
1.891,1844,12,1
2.661,1845,1,1
1.6269999999999998,1845,2,1
4.651,1845,3,1
8.158,1845,4,1
10.433,1845,5,1
12.863,1845,6,1
14.319,1845,7,1
13.556,1845,8,1
11.234000000000002,1845,9,1
7.781999999999999,1845,10,1
5.194,1845,11,1
1.7359999999999998,1845,12,1
3.213,1846,1,1
3.3760000000000003,1846,2,1
6.314,1846,3,1
7.472999999999999,1846,4,1
10.895999999999999,1846,5,1
13.53,1846,6,1
14.923,1846,7,1
14.121,1846,8,1
11.738,1846,9,1
8.229,1846,10,1
5.0440000000000005,1846,11,1
3.776,1846,12,1
2.753,1847,1,1
3.602,1847,2,1
4.046,1847,3,1
7.979999999999999,1847,4,1
10.622,1847,5,1
12.828,1847,6,1
14.25,1847,7,1
13.414,1847,8,1
11.619000000000002,1847,9,1
8.618,1847,10,1
5.574,1847,11,1
1.7259999999999998,1847,12,1
0.5100000000000002,1848,1,1
3.726,1848,2,1
4.806,1848,3,1
8.11,1848,4,1
10.579999999999998,1848,5,1
13.247,1848,6,1
14.466,1848,7,1
13.268,1848,8,1
10.997,1848,9,1
8.655,1848,10,1
5.29,1848,11,1
2.099,1848,12,1
1.941,1849,1,1
2.638,1849,2,1
5.3020000000000005,1849,3,1
7.028,1849,4,1
10.158999999999999,1849,5,1
13.0,1849,6,1
14.458,1849,7,1
13.603,1849,8,1
11.093,1849,9,1
8.889999999999997,1849,10,1
5.7780000000000005,1849,11,1
1.923,1849,12,1
0.7490000000000001,1850,1,1
3.071,1850,2,1
4.954,1850,3,1
7.217,1850,4,1
10.004,1850,5,1
13.15,1850,6,1
14.492,1850,7,1
14.039,1850,8,1
11.505,1850,9,1
8.091000000000001,1850,10,1
4.7330000000000005,1850,11,1
2.803,1850,12,1
2.431,1851,1,1
2.508,1851,2,1
4.192,1851,3,1
7.286999999999999,1851,4,1
11.113,1851,5,1
13.418,1851,6,1
14.531,1851,7,1
13.751,1851,8,1
11.677,1851,9,1
9.122,1851,10,1
4.973,1851,11,1
3.14,1851,12,1
2.3760000000000003,1852,1,1
2.54,1852,2,1
3.884,1852,3,1
7.486999999999999,1852,4,1
11.169,1852,5,1
13.164,1852,6,1
14.512,1852,7,1
13.304,1852,8,1
11.478,1852,9,1
8.91,1852,10,1
4.593,1852,11,1
3.785,1852,12,1
1.786,1853,1,1
2.228,1853,2,1
4.078,1853,3,1
7.540999999999999,1853,4,1
10.975,1853,5,1
13.41,1853,6,1
14.645,1853,7,1
13.953,1853,8,1
11.71,1853,9,1
8.535,1853,10,1
4.783,1853,11,1
2.858,1853,12,1
1.281,1854,1,1
1.9409999999999998,1854,2,1
4.698,1854,3,1
7.622000000000001,1854,4,1
11.095,1854,5,1
12.829,1854,6,1
14.692,1854,7,1
13.889,1854,8,1
11.514,1854,9,1
9.763,1854,10,1
5.745,1854,11,1
3.457,1854,12,1
2.522,1855,1,1
2.9819999999999998,1855,2,1
4.617,1855,3,1
8.58,1855,4,1
11.186,1855,5,1
12.984000000000002,1855,6,1
13.925999999999998,1855,7,1
13.547,1855,8,1
11.140999999999998,1855,9,1
8.443999999999999,1855,10,1
5.186,1855,11,1
2.214,1855,12,1
2.76,1856,1,1
2.226,1856,2,1
4.372,1856,3,1
7.750999999999999,1856,4,1
10.53,1856,5,1
13.495999999999999,1856,6,1
14.019,1856,7,1
13.021,1856,8,1
10.948,1856,9,1
8.087,1856,10,1
5.36,1856,11,1
3.381,1856,12,1
1.821,1857,1,1
2.481,1857,2,1
4.312,1857,3,1
6.826999999999999,1857,4,1
9.885,1857,5,1
12.610999999999999,1857,6,1
13.953,1857,7,1
13.203,1857,8,1
11.056,1857,9,1
8.198,1857,10,1
5.2360000000000015,1857,11,1
3.515,1857,12,1
2.739,1858,1,1
2.2840000000000003,1858,2,1
4.834,1858,3,1
8.25,1858,4,1
10.850999999999999,1858,5,1
12.956,1858,6,1
13.677,1858,7,1
13.22,1858,8,1
11.148,1858,9,1
8.809999999999997,1858,10,1
5.99,1858,11,1
2.444,1858,12,1
2.015,1859,1,1
2.611,1859,2,1
5.023,1859,3,1
8.542,1859,4,1
11.456,1859,5,1
13.142,1859,6,1
13.827,1859,7,1
13.217,1859,8,1
11.079999999999998,1859,9,1
8.834,1859,10,1
5.912000000000001,1859,11,1
3.365,1859,12,1
2.077,1860,1,1
2.632,1860,2,1
3.494,1860,3,1
7.76,1860,4,1
11.062,1860,5,1
13.271999999999998,1860,6,1
14.203,1860,7,1
13.765,1860,8,1
11.892,1860,9,1
8.712,1860,10,1
5.027,1860,11,1
1.634,1860,12,1
0.4040000000000004,1861,1,1
2.137,1861,2,1
4.489,1861,3,1
7.486999999999999,1861,4,1
10.515999999999998,1861,5,1
13.017,1861,6,1
13.967,1861,7,1
13.656,1861,8,1
11.409,1861,9,1
8.475,1861,10,1
5.707000000000002,1861,11,1
2.894,1861,12,1
0.685,1862,1,1
1.7690000000000001,1862,2,1
4.485,1862,3,1
7.322999999999999,1862,4,1
10.739,1862,5,1
12.86,1862,6,1
13.928,1862,7,1
13.188,1862,8,1
11.027999999999999,1862,9,1
8.283,1862,10,1
4.792,1862,11,1
1.6230000000000002,1862,12,1
3.0340000000000003,1863,1,1
3.253,1863,2,1
4.682,1863,3,1
7.930999999999999,1863,4,1
11.081,1863,5,1
12.794,1863,6,1
13.765,1863,7,1
13.294,1863,8,1
11.23,1863,9,1
8.235,1863,10,1
5.392,1863,11,1
2.651,1863,12,1
1.551,1864,1,1
2.506,1864,2,1
4.651,1864,3,1
7.515,1864,4,1
10.956,1864,5,1
13.365,1864,6,1
14.162,1864,7,1
13.434,1864,8,1
11.37,1864,9,1
8.795,1864,10,1
5.232,1864,11,1
2.266,1864,12,1
2.975,1865,1,1
2.152,1865,2,1
4.039,1865,3,1
7.313999999999999,1865,4,1
10.917,1865,5,1
13.214,1865,6,1
14.22,1865,7,1
13.58,1865,8,1
11.797,1865,9,1
9.136,1865,10,1
6.144,1865,11,1
2.6460000000000004,1865,12,1
2.932,1866,1,1
2.274,1866,2,1
4.421,1866,3,1
7.914,1866,4,1
10.898,1866,5,1
12.853,1866,6,1
14.602,1866,7,1
13.532,1866,8,1
11.527,1866,9,1
8.506,1866,10,1
5.8950000000000005,1866,11,1
4.152,1866,12,1
2.482,1867,1,1
2.6639999999999997,1867,2,1
4.4540000000000015,1867,3,1
8.258,1867,4,1
10.495,1867,5,1
13.302999999999999,1867,6,1
14.223,1867,7,1
13.505999999999998,1867,8,1
11.763,1867,9,1
9.212,1867,10,1
6.939,1867,11,1
3.937,1867,12,1
1.834,1868,1,1
2.039,1868,2,1
4.538,1868,3,1
8.183,1868,4,1
11.308,1868,5,1
13.162,1868,6,1
14.514,1868,7,1
13.744000000000002,1868,8,1
11.669,1868,9,1
9.448,1868,10,1
5.192,1868,11,1
3.344,1868,12,1
2.115,1869,1,1
3.864,1869,2,1
4.3740000000000006,1869,3,1
7.9209999999999985,1869,4,1
11.295,1869,5,1
13.537,1869,6,1
14.337,1869,7,1
14.01,1869,8,1
12.247,1869,9,1
9.006,1869,10,1
5.773,1869,11,1
2.7060000000000004,1869,12,1
2.082,1870,1,1
2.1340000000000003,1870,2,1
4.6560000000000015,1870,3,1
7.879,1870,4,1
11.339,1870,5,1
13.652999999999999,1870,6,1
14.599,1870,7,1
13.484000000000002,1870,8,1
11.952,1870,9,1
8.809999999999997,1870,10,1
5.6,1870,11,1
2.228,1870,12,1
1.4469999999999998,1871,1,1
1.736,1871,2,1
4.6850000000000005,1871,3,1
8.34,1871,4,1
10.787999999999998,1871,5,1
13.08,1871,6,1
14.29,1871,7,1
13.932,1871,8,1
11.710999999999999,1871,9,1
9.096,1871,10,1
5.113,1871,11,1
3.1630000000000003,1871,12,1
1.652,1872,1,1
2.35,1872,2,1
4.922,1872,3,1
7.845999999999999,1872,4,1
11.198,1872,5,1
13.055,1872,6,1
14.285,1872,7,1
13.821,1872,8,1
11.957999999999998,1872,9,1
9.24,1872,10,1
5.372000000000001,1872,11,1
2.627,1872,12,1
2.013,1873,1,1
3.195,1873,2,1
4.704,1873,3,1
7.4620000000000015,1873,4,1
11.005999999999998,1873,5,1
13.405,1873,6,1
14.287,1873,7,1
13.755,1873,8,1
11.486999999999998,1873,9,1
9.234,1873,10,1
5.819,1873,11,1
3.846,1873,12,1
2.685,1874,1,1
3.069,1874,2,1
4.221,1874,3,1
8.231,1874,4,1
11.306,1874,5,1
13.306,1874,6,1
14.122,1874,7,1
13.815,1874,8,1
12.110999999999999,1874,9,1
9.12,1874,10,1
5.809,1874,11,1
3.407,1874,12,1
1.5330000000000001,1875,1,1
2.259,1875,2,1
4.256,1875,3,1
7.635999999999999,1875,4,1
10.745999999999999,1875,5,1
13.157,1875,6,1
14.144,1875,7,1
13.401,1875,8,1
11.319,1875,9,1
8.584999999999999,1875,10,1
4.614,1875,11,1
2.665,1875,12,1
1.8559999999999999,1876,1,1
2.617,1876,2,1
4.748,1876,3,1
8.199,1876,4,1
10.69,1876,5,1
13.130999999999998,1876,6,1
14.319,1876,7,1
13.481,1876,8,1
11.687,1876,9,1
8.946,1876,10,1
5.093,1876,11,1
2.194,1876,12,1
2.286,1877,1,1
2.928,1877,2,1
5.2970000000000015,1877,3,1
8.039,1877,4,1
11.056,1877,5,1
13.384,1877,6,1
14.642,1877,7,1
14.151,1877,8,1
12.075,1877,9,1
9.273,1877,10,1
6.348,1877,11,1
2.9960000000000004,1877,12,1
2.0170000000000003,1878,1,1
3.728,1878,2,1
6.6080000000000005,1878,3,1
8.899,1878,4,1
11.017,1878,5,1
13.796,1878,6,1
14.742,1878,7,1
14.094,1878,8,1
12.093,1878,9,1
9.173,1878,10,1
6.4460000000000015,1878,11,1
3.344,1878,12,1
2.303,1879,1,1
2.737,1879,2,1
4.924,1879,3,1
7.767999999999999,1879,4,1
10.802999999999999,1879,5,1
13.23,1879,6,1
14.238,1879,7,1
13.245,1879,8,1
11.449000000000002,1879,9,1
9.229,1879,10,1
5.526,1879,11,1
2.5380000000000003,1879,12,1
1.755,1880,1,1
2.052,1880,2,1
4.63,1880,3,1
7.5589999999999975,1880,4,1
11.095999999999998,1880,5,1
13.327,1880,6,1
14.140999999999998,1880,7,1
13.807,1880,8,1
11.386,1880,9,1
8.673,1880,10,1
5.893,1880,11,1
3.1060000000000003,1880,12,1
2.4610000000000003,1881,1,1
2.6260000000000003,1881,2,1
5.01,1881,3,1
8.322999999999999,1881,4,1
11.165,1881,5,1
12.745,1881,6,1
14.203,1881,7,1
13.71,1881,8,1
11.689,1881,9,1
8.850999999999997,1881,10,1
5.272,1881,11,1
3.196,1881,12,1
2.99,1882,1,1
3.2310000000000003,1882,2,1
5.04,1882,3,1
7.690999999999999,1882,4,1
10.888,1882,5,1
12.805,1882,6,1
13.747,1882,7,1
13.703,1882,8,1
11.735999999999999,1882,9,1
8.445,1882,10,1
5.066,1882,11,1
2.205,1882,12,1
1.4600000000000002,1883,1,1
1.8559999999999999,1883,2,1
4.9289999999999985,1883,3,1
7.690999999999999,1883,4,1
10.832,1883,5,1
13.302,1883,6,1
14.011,1883,7,1
13.224,1883,8,1
11.343,1883,9,1
8.908999999999997,1883,10,1
4.905,1883,11,1
3.261,1883,12,1
2.12,1884,1,1
2.474,1884,2,1
3.892,1884,3,1
7.185999999999999,1884,4,1
10.198,1884,5,1
12.527,1884,6,1
13.622,1884,7,1
13.257,1884,8,1
11.235,1884,9,1
8.581,1884,10,1
5.164,1884,11,1
3.028,1884,12,1
1.003,1885,1,1
2.2430000000000003,1885,2,1
4.622,1885,3,1
7.3359999999999985,1885,4,1
10.567,1885,5,1
12.716,1885,6,1
13.972,1885,7,1
13.350999999999999,1885,8,1
11.435,1885,9,1
8.722000000000001,1885,10,1
5.425,1885,11,1
3.644,1885,12,1
1.436,1886,1,1
1.7930000000000001,1886,2,1
4.2620000000000005,1886,3,1
7.909,1886,4,1
10.784,1886,5,1
12.789,1886,6,1
14.226,1886,7,1
13.323,1886,8,1
11.6,1886,9,1
8.604,1886,10,1
5.226,1886,11,1
3.502,1886,12,1
0.8240000000000001,1887,1,1
2.0540000000000003,1887,2,1
4.552,1887,3,1
7.789,1887,4,1
10.84,1887,5,1
12.89,1887,6,1
14.021,1887,7,1
13.097,1887,8,1
11.707,1887,9,1
8.738,1887,10,1
5.5920000000000005,1887,11,1
2.875,1887,12,1
1.7080000000000002,1888,1,1
2.039,1888,2,1
4.3,1888,3,1
7.845,1888,4,1
10.62,1888,5,1
12.921,1888,6,1
14.242,1888,7,1
13.511,1888,8,1
11.685,1888,9,1
9.201,1888,10,1
5.792000000000002,1888,11,1
3.222,1888,12,1
1.7619999999999998,1889,1,1
3.409,1889,2,1
5.299,1889,3,1
8.588999999999999,1889,4,1
11.242,1889,5,1
13.288,1889,6,1
14.225,1889,7,1
13.504,1889,8,1
11.547,1889,9,1
8.865,1889,10,1
4.9990000000000006,1889,11,1
3.0989999999999998,1889,12,1
1.836,1890,1,1
2.516,1890,2,1
4.21,1890,3,1
7.738999999999999,1890,4,1
10.464,1890,5,1
12.872,1890,6,1
14.034,1890,7,1
13.265999999999998,1890,8,1
11.546,1890,9,1
9.177999999999999,1890,10,1
5.03,1890,11,1
2.969,1890,12,1
1.6780000000000002,1891,1,1
1.88,1891,2,1
4.755,1891,3,1
7.6179999999999986,1891,4,1
10.785,1891,5,1
12.888,1891,6,1
13.93,1891,7,1
13.496,1891,8,1
11.763,1891,9,1
8.722000000000001,1891,10,1
5.115,1891,11,1
3.602,1891,12,1
2.018,1892,1,1
2.805,1892,2,1
4.362,1892,3,1
7.5619999999999985,1892,4,1
10.622,1892,5,1
13.263,1892,6,1
13.89,1892,7,1
13.42,1892,8,1
11.764,1892,9,1
9.29,1892,10,1
4.859,1892,11,1
2.935,1892,12,1
0.5,1893,1,1
1.654,1893,2,1
4.979,1893,3,1
7.994,1893,4,1
10.747,1893,5,1
13.050999999999998,1893,6,1
14.318,1893,7,1
13.454,1893,8,1
11.767,1893,9,1
9.16,1893,10,1
5.902,1893,11,1
3.155,1893,12,1
1.6909999999999998,1894,1,1
2.923,1894,2,1
5.118,1894,3,1
7.6629999999999985,1894,4,1
10.944,1894,5,1
12.857999999999999,1894,6,1
14.004,1894,7,1
13.488,1894,8,1
11.579999999999998,1894,9,1
9.125,1894,10,1
5.405,1894,11,1
3.133,1894,12,1
1.2950000000000002,1895,1,1
2.0,1895,2,1
4.689,1895,3,1
8.247,1895,4,1
10.867,1895,5,1
13.058,1895,6,1
14.053,1895,7,1
13.489,1895,8,1
11.743,1895,9,1
9.117,1895,10,1
5.744,1895,11,1
3.4619999999999997,1895,12,1
2.291,1896,1,1
2.707,1896,2,1
4.279,1896,3,1
7.329999999999999,1896,4,1
10.892999999999999,1896,5,1
13.303999999999998,1896,6,1
14.233,1896,7,1
13.624,1896,8,1
11.824000000000002,1896,9,1
9.416,1896,10,1
5.3660000000000005,1896,11,1
3.312,1896,12,1
1.893,1897,1,1
2.4290000000000003,1897,2,1
4.345,1897,3,1
8.277999999999999,1897,4,1
11.377,1897,5,1
13.319,1897,6,1
14.31,1897,7,1
13.668,1897,8,1
11.925,1897,9,1
9.197,1897,10,1
5.6080000000000005,1897,11,1
3.1710000000000003,1897,12,1
2.737,1898,1,1
2.354,1898,2,1
3.7510000000000003,1898,3,1
7.906999999999999,1898,4,1
10.835,1898,5,1
13.395,1898,6,1
14.138,1898,7,1
13.579,1898,8,1
11.752999999999998,1898,9,1
8.828,1898,10,1
5.452000000000001,1898,11,1
3.407,1898,12,1
2.515,1899,1,1
2.38,1899,2,1
4.618,1899,3,1
8.280999999999999,1899,4,1
11.023,1899,5,1
12.856,1899,6,1
14.159,1899,7,1
13.777,1899,8,1
12.127999999999998,1899,9,1
9.408999999999999,1899,10,1
6.605,1899,11,1
3.005,1899,12,1
1.461,1900,1,1
3.0980000000000003,1900,2,1
5.492000000000001,1900,3,1
8.222999999999999,1900,4,1
11.385,1900,5,1
13.293,1900,6,1
14.171,1900,7,1
13.816,1900,8,1
11.955,1900,9,1
9.666,1900,10,1
5.8039999999999985,1900,11,1
3.655,1900,12,1
2.1910000000000003,1901,1,1
3.092,1901,2,1
5.671,1901,3,1
8.522,1901,4,1
11.177999999999999,1901,5,1
13.423,1901,6,1
14.339,1901,7,1
13.789,1901,8,1
11.984000000000002,1901,9,1
9.003,1901,10,1
5.976,1901,11,1
3.335,1901,12,1
2.684,1902,1,1
3.606,1902,2,1
4.883,1902,3,1
7.955999999999999,1902,4,1
10.892999999999999,1902,5,1
13.214,1902,6,1
14.231,1902,7,1
13.599,1902,8,1
11.799,1902,9,1
8.801,1902,10,1
5.274,1902,11,1
2.713,1902,12,1
2.5140000000000002,1903,1,1
3.555,1903,2,1
4.93,1903,3,1
7.831999999999999,1903,4,1
10.794,1903,5,1
12.886,1903,6,1
13.992,1903,7,1
13.412,1903,8,1
11.501,1903,9,1
8.812000000000003,1903,10,1
5.516,1903,11,1
2.898,1903,12,1
1.6369999999999998,1904,1,1
2.297,1904,2,1
4.506,1904,3,1
7.6839999999999975,1904,4,1
10.84,1904,5,1
13.014,1904,6,1
13.836,1904,7,1
13.459,1904,8,1
11.380999999999998,1904,9,1
8.833,1904,10,1
6.23,1904,11,1
3.3739999999999997,1904,12,1
2.254,1905,1,1
1.9269999999999998,1905,2,1
4.635,1905,3,1
7.754999999999999,1905,4,1
10.982,1905,5,1
13.112,1905,6,1
14.077,1905,7,1
13.578,1905,8,1
11.803999999999998,1905,9,1
9.041,1905,10,1
6.183,1905,11,1
3.354,1905,12,1
2.068,1906,1,1
2.301,1906,2,1
4.8660000000000005,1906,3,1
8.626,1906,4,1
11.239999999999998,1906,5,1
13.334,1906,6,1
14.122,1906,7,1
13.691,1906,8,1
11.771999999999998,1906,9,1
9.267,1906,10,1
5.501,1906,11,1
3.761,1906,12,1
1.798,1907,1,1
2.117,1907,2,1
4.575,1907,3,1
7.579,1907,4,1
10.375,1907,5,1
12.729,1907,6,1
13.769,1907,7,1
13.362,1907,8,1
11.665,1907,9,1
9.234,1907,10,1
5.207000000000002,1907,11,1
2.9560000000000004,1907,12,1
2.3040000000000003,1908,1,1
2.769,1908,2,1
4.136,1908,3,1
7.831999999999999,1908,4,1
11.140999999999998,1908,5,1
13.293,1908,6,1
14.197000000000001,1908,7,1
13.376,1908,8,1
11.977,1908,9,1
8.865,1908,10,1
5.272,1908,11,1
3.071,1908,12,1
1.395,1909,1,1
2.7060000000000004,1909,2,1
4.589,1909,3,1
7.534,1909,4,1
10.610999999999999,1909,5,1
12.962,1909,6,1
14.06,1909,7,1
13.752,1909,8,1
11.879,1909,9,1
9.192,1909,10,1
6.2360000000000015,1909,11,1
3.2230000000000003,1909,12,1
2.333,1910,1,1
2.779,1910,2,1
4.606,1910,3,1
8.104999999999999,1910,4,1
11.005,1910,5,1
13.151,1910,6,1
14.279000000000002,1910,7,1
13.677,1910,8,1
11.732999999999999,1910,9,1
9.006,1910,10,1
5.318,1910,11,1
2.684,1910,12,1
1.66,1911,1,1
2.4530000000000003,1911,2,1
4.347,1911,3,1
7.9899999999999975,1911,4,1
10.829,1911,5,1
13.009,1911,6,1
14.082,1911,7,1
13.499,1911,8,1
11.638,1911,9,1
9.263,1911,10,1
5.964,1911,11,1
3.39,1911,12,1
2.402,1912,1,1
3.354,1912,2,1
4.356,1912,3,1
8.229,1912,4,1
11.254,1912,5,1
13.435,1912,6,1
13.723,1912,7,1
13.053,1912,8,1
11.222,1912,9,1
8.366999999999999,1912,10,1
5.521,1912,11,1
3.069,1912,12,1
2.083,1913,1,1
2.376,1913,2,1
4.517,1913,3,1
8.023,1913,4,1
10.745,1913,5,1
13.005,1913,6,1
14.137,1913,7,1
13.724,1913,8,1
11.759,1913,9,1
9.077,1913,10,1
6.024,1913,11,1
4.103,1913,12,1
3.3760000000000003,1914,1,1
3.2,1914,2,1
4.942,1914,3,1
8.097999999999999,1914,4,1
11.284999999999998,1914,5,1
13.495999999999999,1914,6,1
14.298,1914,7,1
13.73,1914,8,1
11.915,1914,9,1
9.387,1914,10,1
5.759,1914,11,1
3.6,1914,12,1
2.299,1915,1,1
3.265,1915,2,1
5.143,1915,3,1
8.705,1915,4,1
11.493,1915,5,1
13.3,1915,6,1
14.443,1915,7,1
13.77,1915,8,1
11.867,1915,9,1
8.984,1915,10,1
6.216,1915,11,1
3.633,1915,12,1
2.616,1916,1,1
2.957,1916,2,1
4.846,1916,3,1
8.046999999999999,1916,4,1
10.972,1916,5,1
12.942,1916,6,1
14.052,1916,7,1
13.58,1916,8,1
11.725999999999999,1916,9,1
9.052999999999999,1916,10,1
5.596,1916,11,1
2.316,1916,12,1
2.133,1917,1,1
2.36,1917,2,1
4.488,1917,3,1
7.854999999999999,1917,4,1
10.443,1917,5,1
12.915,1917,6,1
14.259,1917,7,1
13.470999999999998,1917,8,1
11.745,1917,9,1
8.544,1917,10,1
5.82,1917,11,1
2.247,1917,12,1
1.9340000000000002,1918,1,1
2.455,1918,2,1
4.811,1918,3,1
7.643999999999999,1918,4,1
10.54,1918,5,1
12.908,1918,6,1
14.002,1918,7,1
13.431,1918,8,1
11.880999999999998,1918,9,1
9.433,1918,10,1
5.683,1918,11,1
2.8480000000000003,1918,12,1
2.184,1919,1,1
2.852,1919,2,1
4.743,1919,3,1
8.487,1919,4,1
10.969,1919,5,1
13.228,1919,6,1
14.274000000000001,1919,7,1
13.786,1919,8,1
11.989999999999998,1919,9,1
9.361,1919,10,1
5.489,1919,11,1
3.2239999999999998,1919,12,1
2.841,1920,1,1
2.755,1920,2,1
5.227,1920,3,1
8.293,1920,4,1
11.130999999999998,1920,5,1
13.105,1920,6,1
14.245,1920,7,1
13.698,1920,8,1
11.794,1920,9,1
9.021,1920,10,1
5.566,1920,11,1
2.629,1920,12,1
2.98,1921,1,1
3.125,1921,2,1
5.081,1921,3,1
8.324,1921,4,1
11.245,1921,5,1
13.44,1921,6,1
14.436,1921,7,1
13.561,1921,8,1
11.869000000000002,1921,9,1
9.264,1921,10,1
5.864,1921,11,1
3.663,1921,12,1
2.15,1922,1,1
2.376,1922,2,1
5.1560000000000015,1922,3,1
8.379999999999999,1922,4,1
11.097,1922,5,1
13.331,1922,6,1
14.278,1922,7,1
13.584,1922,8,1
11.775,1922,9,1
9.056,1922,10,1
6.046,1922,11,1
3.667,1922,12,1
2.487,1923,1,1
2.563,1923,2,1
4.8660000000000005,1923,3,1
7.749,1923,4,1
10.848999999999998,1923,5,1
13.296,1923,6,1
13.984000000000002,1923,7,1
13.611,1923,8,1
11.883,1923,9,1
9.52,1923,10,1
6.377999999999999,1923,11,1
3.88,1923,12,1
2.339,1924,1,1
2.888,1924,2,1
5.352,1924,3,1
7.97,1924,4,1
11.187999999999999,1924,5,1
13.342,1924,6,1
14.304,1924,7,1
13.654000000000002,1924,8,1
11.957,1924,9,1
9.203,1924,10,1
6.4,1924,11,1
3.485,1924,12,1
2.2680000000000002,1925,1,1
2.701,1925,2,1
5.126,1925,3,1
8.442,1925,4,1
11.039,1925,5,1
13.089,1925,6,1
14.066,1925,7,1
13.769,1925,8,1
11.979,1925,9,1
9.196,1925,10,1
6.34,1925,11,1
4.398,1925,12,1
3.4530000000000003,1926,1,1
3.717,1926,2,1
5.831,1926,3,1
8.193,1926,4,1
10.931,1926,5,1
13.285,1926,6,1
14.168,1926,7,1
13.877,1926,8,1
12.075,1926,9,1
9.55,1926,10,1
6.3,1926,11,1
3.366,1926,12,1
2.372,1927,1,1
3.039,1927,2,1
4.668,1927,3,1
8.035,1927,4,1
11.104,1927,5,1
13.271999999999998,1927,6,1
14.323,1927,7,1
13.698,1927,8,1
12.254,1927,9,1
9.887,1927,10,1
6.346,1927,11,1
3.267,1927,12,1
3.0460000000000003,1928,1,1
3.333,1928,2,1
4.959,1928,3,1
8.244,1928,4,1
11.169,1928,5,1
13.113,1928,6,1
14.31,1928,7,1
13.687,1928,8,1
12.03,1928,9,1
9.486,1928,10,1
6.336,1928,11,1
3.873,1928,12,1
2.0540000000000003,1929,1,1
2.1719999999999997,1929,2,1
5.099,1929,3,1
8.094,1929,4,1
10.915,1929,5,1
12.927999999999999,1929,6,1
13.957,1929,7,1
13.68,1929,8,1
11.807,1929,9,1
9.46,1929,10,1
6.1720000000000015,1929,11,1
2.571,1929,12,1
2.401,1930,1,1
3.152,1930,2,1
5.483,1930,3,1
8.181999999999999,1930,4,1
11.105,1930,5,1
13.347,1930,6,1
14.465,1930,7,1
13.927999999999999,1930,8,1
11.874,1930,9,1
9.261,1930,10,1
6.574,1930,11,1
3.831,1930,12,1
2.761,1931,1,1
2.708,1931,2,1
5.22,1931,3,1
8.163,1931,4,1
11.02,1931,5,1
13.573,1931,6,1
14.576,1931,7,1
14.12,1931,8,1
12.283,1931,9,1
9.937,1931,10,1
6.2429999999999986,1931,11,1
4.027,1931,12,1
3.604,1932,1,1
2.989,1932,2,1
4.94,1932,3,1
8.769,1932,4,1
11.239,1932,5,1
13.383,1932,6,1
14.372,1932,7,1
13.74,1932,8,1
12.31,1932,9,1
9.682,1932,10,1
5.908,1932,11,1
3.5269999999999997,1932,12,1
2.169,1933,1,1
2.657,1933,2,1
4.869,1933,3,1
8.125,1933,4,1
11.047,1933,5,1
13.11,1933,6,1
14.236,1933,7,1
13.76,1933,8,1
11.854,1933,9,1
9.238,1933,10,1
5.89,1933,11,1
3.104,1933,12,1
2.476,1934,1,1
3.699,1934,2,1
4.8180000000000005,1934,3,1
8.016,1934,4,1
11.478,1934,5,1
13.402,1934,6,1
14.343,1934,7,1
13.778,1934,8,1
11.727,1934,9,1
9.421,1934,10,1
6.397,1934,11,1
3.985,1934,12,1
2.1750000000000003,1935,1,1
4.125,1935,2,1
5.399,1935,3,1
7.770999999999999,1935,4,1
10.905999999999999,1935,5,1
13.325999999999999,1935,6,1
14.331,1935,7,1
13.775,1935,8,1
11.999,1935,9,1
9.516,1935,10,1
5.443,1935,11,1
3.423,1935,12,1
2.249,1936,1,1
2.506,1936,2,1
5.0310000000000015,1936,3,1
8.126999999999999,1936,4,1
11.251,1936,5,1
13.363,1936,6,1
14.629,1936,7,1
13.86,1936,8,1
12.020999999999999,1936,9,1
9.457,1936,10,1
6.2330000000000005,1936,11,1
3.921,1936,12,1
2.4530000000000003,1937,1,1
3.553,1937,2,1
4.851,1937,3,1
8.139999999999999,1937,4,1
11.422,1937,5,1
13.603,1937,6,1
14.375,1937,7,1
14.007,1937,8,1
12.412999999999998,1937,9,1
9.729,1937,10,1
6.356,1937,11,1
3.478,1937,12,1
2.91,1938,1,1
3.417,1938,2,1
5.651,1938,3,1
8.913,1938,4,1
11.456,1938,5,1
13.321,1938,6,1
14.482,1938,7,1
13.963,1938,8,1
12.427,1938,9,1
9.783999999999999,1938,10,1
6.53,1938,11,1
3.51,1938,12,1
2.932,1939,1,1
3.2319999999999998,1939,2,1
4.926,1939,3,1
8.328,1939,4,1
11.524,1939,5,1
13.530999999999999,1939,6,1
14.395,1939,7,1
13.932,1939,8,1
11.957999999999998,1939,9,1
9.218,1939,10,1
6.189,1939,11,1
4.959,1939,12,1
2.335,1940,1,1
3.423,1940,2,1
5.424,1940,3,1
8.756,1940,4,1
11.338,1940,5,1
13.583,1940,6,1
14.571,1940,7,1
13.811,1940,8,1
12.267999999999999,1940,9,1
9.457,1940,10,1
6.0760000000000005,1940,11,1
4.134,1940,12,1
2.7350000000000003,1941,1,1
3.67,1941,2,1
5.212999999999999,1941,3,1
8.575,1941,4,1
11.493,1941,5,1
13.63,1941,6,1
14.694,1941,7,1
14.028,1941,8,1
11.815999999999999,1941,9,1
9.71,1941,10,1
5.9529999999999985,1941,11,1
3.707,1941,12,1
3.103,1942,1,1
2.857,1942,2,1
5.308,1942,3,1
8.415999999999999,1942,4,1
11.338,1942,5,1
13.578,1942,6,1
14.242,1942,7,1
13.786,1942,8,1
12.145999999999999,1942,9,1
9.627,1942,10,1
6.3950000000000005,1942,11,1
3.945,1942,12,1
2.396,1943,1,1
3.513,1943,2,1
5.138,1943,3,1
8.638,1943,4,1
11.485,1943,5,1
13.161,1943,6,1
14.46,1943,7,1
13.774,1943,8,1
12.095999999999998,1943,9,1
9.907,1943,10,1
6.26,1943,11,1
4.2330000000000005,1943,12,1
3.504,1944,1,1
3.591,1944,2,1
5.5310000000000015,1944,3,1
8.434,1944,4,1
11.334,1944,5,1
13.478,1944,6,1
14.468,1944,7,1
14.017,1944,8,1
12.45,1944,9,1
9.808,1944,10,1
6.091,1944,11,1
3.4339999999999997,1944,12,1
2.525,1945,1,1
2.6460000000000004,1945,2,1
5.184,1945,3,1
8.681000000000001,1945,4,1
11.097,1945,5,1
13.328,1945,6,1
14.213,1945,7,1
14.313,1945,8,1
12.225,1945,9,1
9.575,1945,10,1
6.073,1945,11,1
3.158,1945,12,1
2.979,1946,1,1
3.4610000000000003,1946,2,1
5.2360000000000015,1946,3,1
8.837,1946,4,1
11.355,1946,5,1
13.298,1946,6,1
14.409,1946,7,1
13.834,1946,8,1
12.064,1946,9,1
9.281,1946,10,1
6.235,1946,11,1
3.134,1946,12,1
2.597,1947,1,1
3.277,1947,2,1
5.801,1947,3,1
8.686,1947,4,1
11.329,1947,5,1
13.459,1947,6,1
14.349,1947,7,1
13.827,1947,8,1
12.165999999999999,1947,9,1
10.011,1947,10,1
6.407,1947,11,1
3.656,1947,12,1
3.366,1948,1,1
3.22,1948,2,1
4.9190000000000005,1948,3,1
8.498999999999999,1948,4,1
11.537,1948,5,1
13.664,1948,6,1
14.445,1948,7,1
13.896,1948,8,1
12.155,1948,9,1
9.584,1948,10,1
6.1850000000000005,1948,11,1
3.491,1948,12,1
3.2190000000000003,1949,1,1
2.759,1949,2,1
5.077,1949,3,1
8.344,1949,4,1
11.309,1949,5,1
13.222999999999999,1949,6,1
14.199000000000002,1949,7,1
13.826,1949,8,1
11.957,1949,9,1
9.531,1949,10,1
6.148,1949,11,1
3.449,1949,12,1
2.008,1950,1,1
2.721,1950,2,1
5.247000000000001,1950,3,1
8.123,1950,4,1
11.297,1950,5,1
13.382,1950,6,1
14.14,1950,7,1
13.46,1950,8,1
11.952,1950,9,1
9.152999999999999,1950,10,1
5.372000000000001,1950,11,1
3.528,1950,12,1
2.138,1951,1,1
2.332,1951,2,1
5.091,1951,3,1
8.366999999999999,1951,4,1
11.437999999999999,1951,5,1
13.25,1951,6,1
14.324000000000002,1951,7,1
14.021,1951,8,1
12.324000000000002,1951,9,1
9.67,1951,10,1
6.2250000000000005,1951,11,1
4.327999999999999,1951,12,1
3.049,1952,1,1
3.3960000000000004,1952,2,1
4.9670000000000005,1952,3,1
8.461,1952,4,1
11.352,1952,5,1
13.442,1952,6,1
14.549,1952,7,1
13.964,1952,8,1
12.238,1952,9,1
9.157,1952,10,1
5.425,1952,11,1
3.659,1952,12,1
2.964,1953,1,1
3.629,1953,2,1
5.7120000000000015,1953,3,1
8.892000000000003,1953,4,1
11.514,1953,5,1
13.612,1953,6,1
14.392,1953,7,1
14.059,1953,8,1
12.199000000000002,1953,9,1
9.59,1953,10,1
5.924,1953,11,1
3.998,1953,12,1
2.059,1954,1,1
3.084,1954,2,1
5.148,1954,3,1
8.158,1954,4,1
10.988,1954,5,1
13.4,1954,6,1
14.241,1954,7,1
13.868,1954,8,1
12.097999999999999,1954,9,1
9.546,1954,10,1
6.579,1954,11,1
3.5589999999999997,1954,12,1
3.412,1955,1,1
3.137,1955,2,1
4.585,1955,3,1
8.136000000000001,1955,4,1
11.191999999999998,1955,5,1
13.56,1955,6,1
14.242,1955,7,1
14.283,1955,8,1
11.954,1955,9,1
9.735,1955,10,1
5.973,1955,11,1
3.306,1955,12,1
2.466,1956,1,1
2.781,1956,2,1
4.8889999999999985,1956,3,1
7.9220000000000015,1956,4,1
10.720999999999998,1956,5,1
13.16,1956,6,1
14.18,1956,7,1
13.189,1956,8,1
11.783,1956,9,1
8.927999999999997,1956,10,1
5.738,1956,11,1
3.5980000000000003,1956,12,1
2.488,1957,1,1
3.12,1957,2,1
5.0360000000000005,1957,3,1
8.366,1957,4,1
11.259,1957,5,1
13.783,1957,6,1
14.129,1957,7,1
14.082,1957,8,1
12.312,1957,9,1
9.496,1957,10,1
6.391,1957,11,1
4.327999999999999,1957,12,1
3.5740000000000003,1958,1,1
3.695,1958,2,1
5.4529999999999985,1958,3,1
8.52,1958,4,1
11.518999999999998,1958,5,1
13.187,1958,6,1
14.438,1958,7,1
13.597,1958,8,1
11.845,1958,9,1
9.375,1958,10,1
6.26,1958,11,1
3.822,1958,12,1
2.959,1959,1,1
3.33,1959,2,1
5.854,1959,3,1
8.818999999999997,1959,4,1
11.323,1959,5,1
13.577,1959,6,1
14.449000000000002,1959,7,1
13.853,1959,8,1
11.946,1959,9,1
9.16,1959,10,1
5.752000000000002,1959,11,1
3.77,1959,12,1
2.713,1960,1,1
3.798,1960,2,1
4.303,1960,3,1
8.133,1960,4,1
10.872,1960,5,1
13.484000000000002,1960,6,1
14.198,1960,7,1
13.825,1960,8,1
12.095,1960,9,1
9.497,1960,10,1
5.8279999999999985,1960,11,1
4.259,1960,12,1
2.926,1961,1,1
3.683,1961,2,1
5.589,1961,3,1
8.631,1961,4,1
11.624,1961,5,1
13.702,1961,6,1
14.288,1961,7,1
13.849,1961,8,1
12.247,1961,9,1
9.328,1961,10,1
6.205,1961,11,1
3.5,1961,12,1
3.003,1962,1,1
3.696,1962,2,1
5.53,1962,3,1
8.54,1962,4,1
11.128,1962,5,1
13.427,1962,6,1
14.205,1962,7,1
13.713,1962,8,1
12.017999999999999,1962,9,1
9.468,1962,10,1
6.283,1962,11,1
3.94,1962,12,1
2.9010000000000002,1963,1,1
4.02,1963,2,1
5.097,1963,3,1
8.173,1963,4,1
11.045,1963,5,1
13.412,1963,6,1
14.505999999999998,1963,7,1
14.309,1963,8,1
12.555,1963,9,1
9.943,1963,10,1
6.561,1963,11,1
3.75,1963,12,1
2.8810000000000002,1964,1,1
3.028,1964,2,1
4.865,1964,3,1
7.9220000000000015,1964,4,1
10.905,1964,5,1
13.459,1964,6,1
14.300999999999998,1964,7,1
13.678,1964,8,1
11.604,1964,9,1
8.831999999999997,1964,10,1
5.9830000000000005,1964,11,1
3.458,1964,12,1
2.862,1965,1,1
3.036,1965,2,1
5.182,1965,3,1
7.9899999999999975,1965,4,1
11.222,1965,5,1
13.308,1965,6,1
14.078,1965,7,1
13.807,1965,8,1
11.73,1965,9,1
9.488,1965,10,1
5.86,1965,11,1
3.766,1965,12,1
2.49,1966,1,1
3.29,1966,2,1
5.527,1966,3,1
8.161,1966,4,1
11.2,1966,5,1
13.587,1966,6,1
14.569,1966,7,1
13.731,1966,8,1
12.133,1966,9,1
9.152999999999999,1966,10,1
5.9689999999999985,1966,11,1
3.3819999999999997,1966,12,1
2.71,1967,1,1
2.905,1967,2,1
5.396,1967,3,1
8.458,1967,4,1
11.632,1967,5,1
13.194,1967,6,1
14.331,1967,7,1
13.821,1967,8,1
12.053999999999998,1967,9,1
9.809,1967,10,1
6.176,1967,11,1
3.915,1967,12,1
2.353,1968,1,1
3.245,1968,2,1
6.117000000000001,1968,3,1
8.455,1968,4,1
11.068,1968,5,1
13.204,1968,6,1
14.026,1968,7,1
13.524,1968,8,1
11.62,1968,9,1
9.453,1968,10,1
5.891,1968,11,1
3.24,1968,12,1
1.966,1969,1,1
2.45,1969,2,1
5.131,1969,3,1
8.575999999999999,1969,4,1
11.354,1969,5,1
13.475,1969,6,1
14.218,1969,7,1
13.804,1969,8,1
12.048,1969,9,1
9.488999999999999,1969,10,1
6.42,1969,11,1
4.21,1969,12,1
2.8360000000000003,1970,1,1
3.735,1970,2,1
5.272,1970,3,1
8.603,1970,4,1
11.206,1970,5,1
13.513,1970,6,1
14.395,1970,7,1
13.658,1970,8,1
12.277,1970,9,1
9.347999999999999,1970,10,1
6.0470000000000015,1970,11,1
3.5210000000000004,1970,12,1
2.967,1971,1,1
2.867,1971,2,1
5.001,1971,3,1
8.338999999999999,1971,4,1
11.210999999999999,1971,5,1
13.099,1971,6,1
14.139,1971,7,1
13.879,1971,8,1
12.139,1971,9,1
9.388,1971,10,1
6.295,1971,11,1
3.867,1971,12,1
1.882,1972,1,1
2.609,1972,2,1
5.287000000000001,1972,3,1
8.337,1972,4,1
11.155,1972,5,1
13.501,1972,6,1
14.231,1972,7,1
14.171,1972,8,1
11.901,1972,9,1
9.346,1972,10,1
5.7970000000000015,1972,11,1
3.778,1972,12,1
3.0380000000000003,1973,1,1
3.898,1973,2,1
5.82,1973,3,1
8.937999999999997,1973,4,1
11.768999999999998,1973,5,1
13.824000000000002,1973,6,1
14.435,1973,7,1
13.869000000000002,1973,8,1
12.125,1973,9,1
9.609,1973,10,1
6.222,1973,11,1
3.832,1973,12,1
2.261,1974,1,1
2.582,1974,2,1
5.19,1974,3,1
8.386000000000001,1974,4,1
11.198,1974,5,1
13.382,1974,6,1
14.288,1974,7,1
14.015999999999998,1974,8,1
11.744000000000002,1974,9,1
9.097999999999999,1974,10,1
5.915,1974,11,1
3.55,1974,12,1
3.059,1975,1,1
3.395,1975,2,1
5.706,1975,3,1
8.584,1975,4,1
11.742,1975,5,1
13.557,1975,6,1
14.351,1975,7,1
13.514,1975,8,1
12.152,1975,9,1
9.318,1975,10,1
5.893,1975,11,1
3.667,1975,12,1
2.884,1976,1,1
3.031,1976,2,1
4.517,1976,3,1
8.293999999999999,1976,4,1
10.941999999999998,1976,5,1
13.085999999999999,1976,6,1
14.155,1976,7,1
13.511,1976,8,1
11.895,1976,9,1
8.511000000000001,1976,10,1
5.66,1976,11,1
3.681,1976,12,1
2.492,1977,1,1
3.471,1977,2,1
5.702000000000001,1977,3,1
8.85,1977,4,1
11.78,1977,5,1
13.876,1977,6,1
14.630999999999998,1977,7,1
14.09,1977,8,1
11.861999999999998,1977,9,1
9.156,1977,10,1
6.5440000000000005,1977,11,1
3.749,1977,12,1
2.705,1978,1,1
3.4560000000000004,1978,2,1
5.607,1978,3,1
8.790999999999999,1978,4,1
11.414,1978,5,1
13.22,1978,6,1
14.364,1978,7,1
13.297,1978,8,1
12.03,1978,9,1
9.339,1978,10,1
6.3500000000000005,1978,11,1
3.74,1978,12,1
2.6790000000000003,1979,1,1
2.841,1979,2,1
5.474,1979,3,1
8.455,1979,4,1
11.199000000000002,1979,5,1
13.487,1979,6,1
14.114,1979,7,1
13.833,1979,8,1
12.247,1979,9,1
9.586,1979,10,1
6.2860000000000005,1979,11,1
4.6,1979,12,1
2.9560000000000004,1980,1,1
3.652,1980,2,1
5.367000000000001,1980,3,1
8.934999999999997,1980,4,1
11.77,1980,5,1
13.582,1980,6,1
14.742,1980,7,1
14.189,1980,8,1
12.321,1980,9,1
9.55,1980,10,1
6.684,1980,11,1
4.016,1980,12,1
3.785,1981,1,1
4.021,1981,2,1
6.239,1981,3,1
8.953,1981,4,1
11.565,1981,5,1
13.765,1981,6,1
14.738,1981,7,1
14.502,1981,8,1
12.235999999999999,1981,9,1
9.394,1981,10,1
6.273,1981,11,1
4.519,1981,12,1
2.5580000000000003,1982,1,1
3.281,1982,2,1
4.873,1982,3,1
8.465,1982,4,1
11.347999999999999,1982,5,1
13.245,1982,6,1
14.545,1982,7,1
13.796,1982,8,1
12.039,1982,9,1
9.232,1982,10,1
5.961,1982,11,1
4.327,1982,12,1
3.4450000000000003,1983,1,1
3.814,1983,2,1
5.699,1983,3,1
8.693,1983,4,1
11.729,1983,5,1
13.478,1983,6,1
14.408,1983,7,1
14.302,1983,8,1
12.698,1983,9,1
9.478,1983,10,1
6.7650000000000015,1983,11,1
3.8289999999999997,1983,12,1
2.9410000000000003,1984,1,1
3.093,1984,2,1
5.671,1984,3,1
8.431999999999999,1984,4,1
11.975999999999999,1984,5,1
13.387,1984,6,1
14.429,1984,7,1
13.984000000000002,1984,8,1
12.015,1984,9,1
9.378,1984,10,1
5.811,1984,11,1
3.185,1984,12,1
3.01,1985,1,1
2.7039999999999997,1985,2,1
5.4510000000000005,1985,3,1
8.633,1985,4,1
11.425999999999998,1985,5,1
13.569,1985,6,1
13.973,1985,7,1
14.059,1985,8,1
11.98,1985,9,1
9.338,1985,10,1
5.968,1985,11,1
3.785,1985,12,1
3.315,1986,1,1
3.991,1986,2,1
5.755,1986,3,1
8.870999999999997,1986,4,1
11.581,1986,5,1
13.439,1986,6,1
14.293,1986,7,1
13.972,1986,8,1
11.816999999999998,1986,9,1
9.299,1986,10,1
5.9190000000000005,1986,11,1
3.751,1986,12,1
3.139,1987,1,1
4.134,1987,2,1
5.245,1987,3,1
8.594999999999999,1987,4,1
11.525,1987,5,1
13.927,1987,6,1
14.89,1987,7,1
13.896,1987,8,1
12.447,1987,9,1
9.59,1987,10,1
6.056,1987,11,1
4.489,1987,12,1
3.454,1988,1,1
3.422,1988,2,1
5.931,1988,3,1
8.991999999999997,1988,4,1
11.852,1988,5,1
14.099,1988,6,1
14.798,1988,7,1
14.553,1988,8,1
12.681,1988,9,1
9.979,1988,10,1
6.295,1988,11,1
4.363,1988,12,1
2.71,1989,1,1
3.627,1989,2,1
5.792000000000002,1989,3,1
8.689,1989,4,1
11.28,1989,5,1
13.447,1989,6,1
14.612,1989,7,1
14.135,1989,8,1
12.402999999999999,1989,9,1
9.76,1989,10,1
6.1789999999999985,1989,11,1
4.43,1989,12,1
3.2430000000000003,1990,1,1
3.643,1990,2,1
6.73,1990,3,1
9.169,1990,4,1
11.831,1990,5,1
13.892999999999999,1990,6,1
14.784,1990,7,1
14.095,1990,8,1
12.195,1990,9,1
9.882,1990,10,1
6.92,1990,11,1
4.425,1990,12,1
3.1950000000000003,1991,1,1
4.0440000000000005,1991,2,1
5.574,1991,3,1
9.226,1991,4,1
11.616,1991,5,1
14.263,1991,6,1
14.987,1991,7,1
14.319,1991,8,1
12.677,1991,9,1
9.753,1991,10,1
6.44,1991,11,1
4.059,1991,12,1
3.579,1992,1,1
3.931,1992,2,1
5.952000000000001,1992,3,1
8.572000000000001,1992,4,1
11.534999999999998,1992,5,1
13.575999999999999,1992,6,1
14.139,1992,7,1
13.765999999999998,1992,8,1
11.672,1992,9,1
9.353,1992,10,1
5.8889999999999985,1992,11,1
4.075,1992,12,1
3.301,1993,1,1
3.745,1993,2,1
5.922999999999999,1993,3,1
8.69,1993,4,1
11.475,1993,5,1
13.517999999999999,1993,6,1
14.595,1993,7,1
13.835,1993,8,1
11.93,1993,9,1
9.613999999999999,1993,10,1
5.738,1993,11,1
4.035,1993,12,1
3.024,1994,1,1
2.81,1994,2,1
5.731,1994,3,1
9.017999999999999,1994,4,1
11.684,1994,5,1
14.144,1994,6,1
14.658,1994,7,1
13.977,1994,8,1
12.515999999999998,1994,9,1
10.002,1994,10,1
6.7879999999999985,1994,11,1
4.113,1994,12,1
3.54,1995,1,1
4.6560000000000015,1995,2,1
5.956,1995,3,1
8.972000000000003,1995,4,1
11.57,1995,5,1
14.164,1995,6,1
15.116,1995,7,1
14.636,1995,8,1
12.565,1995,9,1
10.106,1995,10,1
6.761,1995,11,1
4.123,1995,12,1
2.862,1996,1,1
4.0120000000000005,1996,2,1
5.524,1996,3,1
8.679,1996,4,1
11.588,1996,5,1
13.681,1996,6,1
14.827,1996,7,1
14.603,1996,8,1
12.294,1996,9,1
9.525,1996,10,1
6.5470000000000015,1996,11,1
4.325,1996,12,1
3.165,1997,1,1
3.766,1997,2,1
6.0120000000000005,1997,3,1
8.891,1997,4,1
11.593,1997,5,1
14.130999999999998,1997,6,1
14.565,1997,7,1
14.255999999999998,1997,8,1
12.685,1997,9,1
10.109,1997,10,1
6.841,1997,11,1
4.417,1997,12,1
3.3520000000000003,1998,1,1
4.8260000000000005,1998,2,1
6.023,1998,3,1
9.357999999999999,1998,4,1
12.290999999999999,1998,5,1
14.520999999999999,1998,6,1
15.34,1998,7,1
14.874,1998,8,1
12.672999999999998,1998,9,1
9.941,1998,10,1
6.404,1998,11,1
4.6690000000000005,1998,12,1
3.544,1999,1,1
4.694,1999,2,1
5.53,1999,3,1
8.838,1999,4,1
11.706,1999,5,1
14.030999999999999,1999,6,1
14.853,1999,7,1
14.348,1999,8,1
12.722999999999999,1999,9,1
9.997,1999,10,1
6.5920000000000005,1999,11,1
4.565,1999,12,1
2.95,2000,1,1
4.184,2000,2,1
6.2189999999999985,2000,3,1
9.552,2000,4,1
11.874,2000,5,1
14.06,2000,6,1
14.848,2000,7,1
14.519,2000,8,1
12.547,2000,9,1
9.486,2000,10,1
6.312,2000,11,1
3.863,2000,12,1
3.3360000000000003,2001,1,1
3.72,2001,2,1
6.207999999999998,2001,3,1
9.245,2001,4,1
12.270999999999999,2001,5,1
14.11,2001,6,1
15.161,2001,7,1
14.427,2001,8,1
12.735999999999999,2001,9,1
9.935,2001,10,1
7.319,2001,11,1
4.507,2001,12,1
4.026,2002,1,1
4.704,2002,2,1
6.772,2002,3,1
9.229,2002,4,1
12.248,2002,5,1
14.084,2002,6,1
15.354000000000001,2002,7,1
14.56,2002,8,1
12.95,2002,9,1
9.988,2002,10,1
6.892,2002,11,1
4.038,2002,12,1
3.981,2003,1,1
4.085,2003,2,1
6.047999999999999,2003,3,1
9.154,2003,4,1
12.152999999999999,2003,5,1
14.017,2003,6,1
14.983,2003,7,1
14.690999999999999,2003,8,1
12.911,2003,9,1
10.424,2003,10,1
6.727,2003,11,1
5.132999999999999,2003,12,1
3.5250000000000004,2004,1,1
4.4990000000000006,2004,2,1
6.3210000000000015,2004,3,1
9.249,2004,4,1
11.571,2004,5,1
13.889,2004,6,1
14.312,2004,7,1
14.188,2004,8,1
12.642,2004,9,1
10.127,2004,10,1
7.315,2004,11,1
4.257,2004,12,1
3.808,2005,1,1
3.92,2005,2,1
6.5440000000000005,2005,3,1
9.618,2005,4,1
12.225999999999999,2005,5,1
14.475999999999999,2005,6,1
15.19,2005,7,1
14.51,2005,8,1
13.217,2005,9,1
10.600999999999999,2005,10,1
7.422999999999999,2005,11,1
4.878,2005,12,1
3.286,2006,1,1
4.43,2006,2,1
6.3290000000000015,2006,3,1
9.055,2006,4,1
11.786,2006,5,1
14.443,2006,6,1
15.042,2006,7,1
14.913,2006,8,1
12.875,2006,9,1
10.289,2006,10,1
6.955,2006,11,1
4.987,2006,12,1
4.5790000000000015,2007,1,1
4.221,2007,2,1
6.485,2007,3,1
9.823,2007,4,1
12.517999999999999,2007,5,1
14.309,2007,6,1
15.23,2007,7,1
14.752,2007,8,1
12.93,2007,9,1
10.332,2007,10,1
7.0840000000000005,2007,11,1
4.523,2007,12,1
2.8440000000000003,2008,1,1
3.576,2008,2,1
6.9060000000000015,2008,3,1
9.295,2008,4,1
12.053999999999998,2008,5,1
14.145,2008,6,1
15.174,2008,7,1
14.377,2008,8,1
12.802,2008,9,1
10.399,2008,10,1
7.224,2008,11,1
4.385,2008,12,1
3.687,2009,1,1
4.0939999999999985,2009,2,1
6.086,2009,3,1
9.367,2009,4,1
12.111999999999998,2009,5,1
14.200999999999999,2009,6,1
15.231,2009,7,1
14.655,2009,8,1
13.152999999999999,2009,9,1
10.136,2009,10,1
7.0310000000000015,2009,11,1
4.31,2009,12,1
3.737,2010,1,1
4.399,2010,2,1
6.738,2010,3,1
9.671,2010,4,1
12.405999999999999,2010,5,1
14.421,2010,6,1
15.213,2010,7,1
14.768,2010,8,1
12.863,2010,9,1
10.442,2010,10,1
7.487,2010,11,1
4.292,2010,12,1
3.282,2011,1,1
3.743,2011,2,1
6.101,2011,3,1
9.482999999999999,2011,4,1
11.985999999999999,2011,5,1
14.37,2011,6,1
15.482,2011,7,1
15.012,2011,8,1
12.912,2011,9,1
10.352,2011,10,1
6.814,2011,11,1
4.654999999999999,2011,12,1
3.157,2012,1,1
3.628,2012,2,1
6.023,2012,3,1
9.675999999999998,2012,4,1
12.59,2012,5,1
14.492,2012,6,1
15.076,2012,7,1
14.72,2012,8,1
13.04,2012,9,1
10.427999999999999,2012,10,1
7.1560000000000015,2012,11,1
4.102,2012,12,1
3.685,2013,1,1
4.2219999999999995,2013,2,1
6.261,2013,3,1
9.044,2013,4,1
12.195,2013,5,1
14.568,2013,6,1
15.003,2013,7,1
14.742,2013,8,1
13.154000000000002,2013,9,1
10.255999999999998,2013,10,1
7.423999999999999,2013,11,1
4.724,2013,12,1
3.732,2014,1,1
3.5,2014,2,1
6.377999999999999,2014,3,1
9.589,2014,4,1
12.582,2014,5,1
14.335,2014,6,1
14.873,2014,7,1
14.875,2014,8,1
13.091,2014,9,1
10.33,2014,10,1
6.712999999999999,2014,11,1
4.85,2014,12,1
3.8810000000000002,2015,1,1
4.664,2015,2,1
6.74,2015,3,1
9.312999999999999,2015,4,1
12.312,2015,5,1
14.505,2015,6,1
15.050999999999998,2015,7,1
14.755,2015,8,1
12.999,2015,9,1
10.800999999999998,2015,10,1
7.433,2015,11,1
5.518,2015,12,1
